{
    "AAPL_SMA_profit": 248.8213999999998,
    "AAPL_SMA_returns": 258.19383625609606,
    "AAPL_MR_profit": 209.25220000000022,
    "AAPL_MR_returns": 233.9581842576031,
    "AAPL_BB_profit": -414.42639999999994,
    "AAPL_BB_returns": -430.03673342326437,
    "GOOG_SMA_profit": 127.5099000000011,
    "GOOG_SMA_returns": 22.38036648295733,
    "GOOG_MR_profit": -537.379999999999,
    "GOOG_MR_returns": -98.93949994476543,
    "GOOG_BB_profit": -2188.600000000001,
    "GOOG_BB_returns": -409.55107692883496,
    "HAS_SMA_profit": -75.8835999999999,
    "HAS_SMA_returns": -339.52393736017854,
    "HAS_MR_profit": 117.7852,
    "HAS_MR_returns": 537.5864901871291,
    "HAS_BB_profit": 35.80380000000001,
    "HAS_BB_returns": 154.19379844961244,
    "NKE_SMA_profit": -91.80000000000008,
    "NKE_SMA_returns": -194.03931515535845,
    "NKE_MR_profit": 73.00000000000007,
    "NKE_MR_returns": 155.7167235494882,
    "NKE_BB_profit": -119.02000000000001,
    "NKE_BB_returns": -241.66497461928938,
    "NVDA_SMA_profit": 81.32999999999998,
    "NVDA_SMA_returns": 279.8692360633172,
    "NVDA_MR_profit": 57.5037999999998,
    "NVDA_MR_returns": 149.36051948051897,
    "NVDA_BB_profit": -163.71900000000008,
    "NVDA_BB_returns": -563.3826565726088,
    "PLTR_SMA_profit": 64.88,
    "PLTR_SMA_returns": 648.8,
    "PLTR_MR_profit": 23.279999999999987,
    "PLTR_MR_returns": 245.8289334741287,
    "PLTR_BB_profit": 82.31,
    "PLTR_BB_returns": 823.1,
    "SCHD_SMA_profit": -35.754599999999996,
    "SCHD_SMA_returns": -138.26218097447796,
    "SCHD_MR_profit": -18.476600000000005,
    "SCHD_MR_returns": -74.15258658747041,
    "SCHD_BB_profit": 27.345,
    "SCHD_BB_returns": 105.49768518518516,
    "SPXL_SMA_profit": -109.91590000000004,
    "SPXL_SMA_returns": -352.6336220725057,
    "SPXL_MR_profit": 189.76549999999997,
    "SPXL_MR_returns": 514.4090539441582,
    "SPXL_BB_profit": -127.43729999999985,
    "SPXL_BB_returns": -408.8460057747829,
    "TQQQ_SMA_profit": -174.79000000000013,
    "TQQQ_SMA_returns": -194.73039215686288,
    "TQQQ_MR_profit": 208.22500000000008,
    "TQQQ_MR_returns": 243.11150029188565,
    "TQQQ_BB_profit": -117.54999999999998,
    "TQQQ_BB_returns": -126.23496563573882,
    "TSLA_SMA_profit": 403.22029999999927,
    "TSLA_SMA_returns": 2222.824145534726,
    "TSLA_MR_profit": -312.17550000000017,
    "TSLA_MR_returns": -1975.7943037974694,
    "TSLA_BB_profit": -93.47540000000004,
    "TSLA_BB_returns": -515.299889746417,
    "best_strategy": {
        "ticker": "TSLA",
        "strategy": "SMA",
        "return": 2222.824145534726
    }
}